iter	Logloss
0	0.6427227528
1	0.5946909155
2	0.556323123
3	0.5306681656
4	0.5076956192
5	0.485868538
6	0.4650431263
7	0.447762914
8	0.4329360845
9	0.4214078965
